               epoch,      train/box_loss,      train/obj_loss,      train/cls_loss,   metrics/precision,      metrics/recall,     metrics/mAP_0.5,metrics/mAP_0.5:0.95,        val/box_loss,        val/obj_loss,        val/cls_loss,               x/lr0,               x/lr1,               x/lr2
                   0,            0.080716,            0.022321,            0.085523,             0.45478,            0.092953,            0.060681,            0.024662,            0.038484,           0.0085986,            0.061406,            0.070316,           0.0032982,           0.0032982
                   1,            0.050008,            0.018878,            0.078651,           0.0088331,             0.99038,            0.089398,            0.046342,            0.034077,           0.0048534,            0.056694,            0.040283,           0.0065988,           0.0065988
                   2,            0.044866,            0.016177,            0.076719,            0.044607,             0.89103,             0.17851,             0.11718,            0.020048,           0.0036954,            0.053098,            0.010217,           0.0098663,           0.0098663
                   3,            0.041433,            0.014034,            0.075863,             0.44316,             0.16978,             0.22234,             0.13657,            0.021089,           0.0039847,            0.050933,           0.0098515,           0.0098515,           0.0098515
                   4,            0.039052,            0.012849,            0.073779,             0.41118,             0.24701,             0.20792,             0.11624,            0.024435,           0.0035275,            0.048958,           0.0098515,           0.0098515,           0.0098515
                   5,            0.035663,            0.012976,             0.07238,             0.39417,             0.33528,             0.27086,             0.17586,             0.02013,           0.0037502,            0.048378,            0.009802,            0.009802,            0.009802
                   6,            0.034061,            0.012532,            0.067825,             0.26892,              0.3854,             0.30535,              0.2054,            0.019443,           0.0032945,            0.044489,           0.0097525,           0.0097525,           0.0097525
                   7,            0.033806,            0.012138,            0.066901,             0.30211,             0.58628,             0.35342,             0.24647,            0.016711,           0.0035418,            0.042425,            0.009703,            0.009703,            0.009703
                   8,            0.033559,            0.012213,            0.064389,              0.4037,             0.51145,             0.36017,             0.25248,            0.018218,           0.0033289,            0.040433,           0.0096535,           0.0096535,           0.0096535
                   9,            0.032687,             0.01197,            0.063277,             0.38407,             0.61194,             0.44811,             0.29169,            0.020214,           0.0030847,            0.038561,            0.009604,            0.009604,            0.009604
                  10,            0.031306,            0.011878,            0.060078,             0.56371,             0.43548,              0.4972,              0.3504,            0.020351,           0.0031608,            0.037413,           0.0095545,           0.0095545,           0.0095545
                  11,            0.032498,            0.011486,            0.059211,             0.40056,             0.60913,             0.48446,             0.28492,            0.019037,           0.0034183,            0.035225,            0.009505,            0.009505,            0.009505
                  12,            0.030695,             0.01139,            0.056584,             0.43551,             0.63425,             0.52744,             0.32487,            0.021915,           0.0032087,            0.032962,           0.0094555,           0.0094555,           0.0094555
                  13,            0.029747,            0.011051,             0.05565,             0.35771,             0.77696,             0.58877,             0.44292,             0.01614,           0.0029227,            0.032531,            0.009406,            0.009406,            0.009406
                  14,            0.030284,            0.011134,            0.054607,             0.34216,             0.75362,             0.60599,             0.44853,            0.017279,           0.0031303,            0.030833,           0.0093565,           0.0093565,           0.0093565
                  15,            0.029378,            0.011278,            0.053653,               0.425,             0.73039,             0.62066,             0.41845,            0.018194,           0.0031948,            0.029717,            0.009307,            0.009307,            0.009307
                  16,            0.029793,            0.011179,             0.05194,             0.37959,             0.66373,             0.55897,              0.3616,            0.021097,           0.0036876,            0.031739,           0.0092575,           0.0092575,           0.0092575
                  17,            0.029238,            0.011454,             0.05132,             0.51239,             0.69273,             0.63847,             0.43431,            0.019076,            0.003143,            0.028205,            0.009208,            0.009208,            0.009208
                  18,            0.029281,             0.01057,             0.04934,             0.53794,             0.72871,             0.72917,             0.55327,            0.015279,           0.0029536,            0.026254,           0.0091585,           0.0091585,           0.0091585
                  19,            0.028113,             0.01081,            0.048016,             0.59244,             0.63602,             0.69469,              0.4998,            0.018902,           0.0031698,            0.025747,            0.009109,            0.009109,            0.009109
                  20,            0.029203,            0.011287,            0.048926,             0.46774,             0.84418,             0.69221,              0.4823,            0.020039,           0.0031183,            0.026644,           0.0090595,           0.0090595,           0.0090595
                  21,            0.028301,            0.010719,            0.046847,             0.53261,             0.76858,             0.73668,             0.53096,            0.016936,           0.0031863,            0.024331,             0.00901,             0.00901,             0.00901
                  22,            0.028294,            0.010834,            0.045254,             0.51117,             0.81086,             0.70923,             0.55576,            0.016847,           0.0032767,            0.024583,           0.0089605,           0.0089605,           0.0089605
                  23,            0.028354,             0.01059,            0.045344,             0.61631,             0.74003,             0.75663,             0.55732,            0.015866,            0.003051,            0.023177,            0.008911,            0.008911,            0.008911
                  24,             0.02867,            0.010563,            0.044698,             0.57099,             0.80246,             0.78133,             0.58189,            0.017866,           0.0030914,            0.021936,           0.0088615,           0.0088615,           0.0088615
                  25,            0.027826,            0.010576,            0.045132,             0.71856,             0.64235,             0.76448,             0.60396,            0.016537,           0.0032523,             0.02195,            0.008812,            0.008812,            0.008812
                  26,            0.027925,            0.010526,            0.044539,             0.77713,             0.74077,             0.81835,             0.60933,            0.019161,           0.0029319,            0.018683,           0.0087625,           0.0087625,           0.0087625
                  27,            0.028702,            0.010736,            0.042837,             0.69437,             0.75667,             0.84097,             0.62901,            0.016289,           0.0029256,            0.017781,            0.008713,            0.008713,            0.008713
                  28,            0.028401,            0.010403,            0.040449,             0.70306,             0.77072,             0.81476,             0.62754,            0.017287,           0.0029699,            0.023633,           0.0086635,           0.0086635,           0.0086635
                  29,            0.027569,            0.010723,            0.041293,             0.78622,             0.76137,             0.84335,             0.66811,            0.017978,           0.0028109,            0.016382,            0.008614,            0.008614,            0.008614
                  30,            0.027401,            0.010141,            0.039539,             0.79892,              0.7595,             0.88207,             0.67676,            0.017599,           0.0027648,            0.015269,           0.0085645,           0.0085645,           0.0085645
                  31,            0.027558,            0.010619,            0.039112,             0.79379,             0.80456,              0.8778,             0.69142,            0.014902,           0.0030383,            0.014751,            0.008515,            0.008515,            0.008515
                  32,            0.027472,            0.010387,            0.039396,             0.67462,             0.85346,             0.86694,             0.66209,              0.0169,           0.0030083,            0.017021,           0.0084655,           0.0084655,           0.0084655
                  33,            0.027443,            0.010421,            0.036887,             0.72982,             0.73007,             0.85673,             0.61453,            0.018952,           0.0027685,            0.016956,            0.008416,            0.008416,            0.008416
                  34,            0.027816,            0.010157,             0.03661,             0.73396,             0.83557,             0.88939,             0.70754,            0.015738,           0.0028241,            0.014201,           0.0083665,           0.0083665,           0.0083665
                  35,            0.026547,            0.010436,            0.036465,             0.81152,             0.77315,             0.88076,             0.63514,            0.020071,           0.0031354,            0.012781,            0.008317,            0.008317,            0.008317
                  36,              0.0273,            0.010107,            0.035269,             0.77951,             0.87834,             0.89205,             0.64915,            0.017748,           0.0029698,            0.012941,           0.0082675,           0.0082675,           0.0082675
                  37,            0.026432,            0.010015,            0.034293,             0.77216,             0.89585,             0.90304,             0.69554,            0.017963,           0.0028504,            0.012155,            0.008218,            0.008218,            0.008218
                  38,            0.026569,            0.010508,            0.033584,             0.72479,             0.88832,             0.89278,             0.70219,            0.017487,           0.0027928,            0.011427,           0.0081685,           0.0081685,           0.0081685
                  39,            0.026931,            0.010339,            0.033003,              0.7958,             0.90608,             0.91462,             0.67362,            0.017127,           0.0028671,            0.010631,            0.008119,            0.008119,            0.008119
                  40,             0.02651,            0.010099,            0.032907,             0.78016,              0.9053,              0.9117,             0.69892,            0.018034,           0.0029028,            0.010227,           0.0080695,           0.0080695,           0.0080695
                  41,            0.026394,            0.010006,            0.033644,             0.83978,             0.84783,             0.91766,             0.68739,            0.016478,           0.0027256,            0.010883,             0.00802,             0.00802,             0.00802
                  42,            0.027803,            0.010132,            0.032912,             0.78194,             0.83812,             0.88536,             0.66739,            0.015767,           0.0028146,             0.01204,           0.0079705,           0.0079705,           0.0079705
                  43,            0.025509,            0.010013,            0.031363,             0.80941,             0.89203,             0.91479,             0.66245,            0.018398,           0.0030446,            0.011053,            0.007921,            0.007921,            0.007921
                  44,            0.026134,            0.010046,            0.030684,             0.80158,             0.85421,             0.89971,             0.69073,            0.015521,           0.0028471,             0.01028,           0.0078715,           0.0078715,           0.0078715
                  45,            0.026499,           0.0099346,            0.030719,             0.74929,              0.8576,             0.87746,             0.68127,              0.0192,           0.0028751,            0.013892,            0.007822,            0.007822,            0.007822
                  46,            0.026302,           0.0097366,            0.031052,             0.79168,             0.89612,             0.90407,             0.69079,            0.018175,           0.0029309,            0.011095,           0.0077725,           0.0077725,           0.0077725
                  47,             0.02609,           0.0098913,            0.030708,             0.78306,             0.90128,             0.91742,             0.69954,             0.01779,           0.0027858,           0.0097963,            0.007723,            0.007723,            0.007723
                  48,            0.025068,            0.009933,            0.029592,             0.80903,             0.89598,             0.91522,             0.72155,            0.017622,           0.0029517,           0.0090427,           0.0076735,           0.0076735,           0.0076735
                  49,            0.025292,           0.0098482,            0.030004,               0.799,             0.90594,             0.92272,             0.73667,            0.014762,           0.0027864,           0.0093642,            0.007624,            0.007624,            0.007624
                  50,             0.02495,            0.010053,            0.028114,             0.78146,             0.88583,             0.91334,             0.66224,            0.017418,           0.0029794,            0.010095,           0.0075745,           0.0075745,           0.0075745
                  51,            0.025836,           0.0097724,            0.028996,             0.80367,             0.88937,             0.91737,             0.66031,            0.021446,           0.0029877,            0.010314,            0.007525,            0.007525,            0.007525
                  52,            0.024777,           0.0099786,            0.029677,             0.80448,             0.88007,             0.91402,             0.72908,            0.015652,           0.0026944,            0.010063,           0.0074755,           0.0074755,           0.0074755
                  53,            0.025217,           0.0098099,            0.030234,             0.80304,             0.88937,             0.92502,             0.68789,            0.016899,           0.0028524,           0.0097084,            0.007426,            0.007426,            0.007426
                  54,            0.025229,            0.010059,             0.02925,             0.86089,             0.87546,             0.93492,             0.71154,            0.015826,           0.0030609,            0.010265,           0.0073765,           0.0073765,           0.0073765
                  55,            0.025289,           0.0095601,            0.028177,             0.80214,             0.88517,             0.93134,             0.70657,            0.018769,           0.0028887,            0.010649,            0.007327,            0.007327,            0.007327
                  56,            0.025542,           0.0095764,            0.028065,             0.80598,             0.88803,             0.91928,              0.7476,            0.014388,            0.002876,            0.010349,           0.0072775,           0.0072775,           0.0072775
                  57,            0.024292,           0.0098314,            0.025909,             0.82508,             0.92013,             0.93078,             0.67337,            0.016892,            0.002895,            0.007842,            0.007228,            0.007228,            0.007228
                  58,            0.024558,           0.0094021,            0.026595,             0.82945,             0.92554,             0.94621,             0.73417,            0.017254,           0.0028067,            0.007196,           0.0071785,           0.0071785,           0.0071785
                  59,            0.023984,           0.0094596,            0.025474,             0.88511,             0.82587,              0.9252,             0.70971,            0.016144,           0.0028247,           0.0092624,            0.007129,            0.007129,            0.007129
                  60,            0.023657,           0.0097026,            0.025969,             0.80437,             0.90537,             0.94425,             0.73306,            0.015459,           0.0028492,           0.0079547,           0.0070795,           0.0070795,           0.0070795
                  61,            0.024151,           0.0093671,             0.02625,             0.85693,             0.81653,             0.91466,             0.73107,            0.014265,           0.0026462,           0.0086079,             0.00703,             0.00703,             0.00703
                  62,            0.024003,           0.0092013,            0.025114,             0.81468,             0.86938,             0.91013,             0.73626,            0.014825,           0.0025863,           0.0086368,           0.0069805,           0.0069805,           0.0069805
                  63,            0.023946,           0.0091796,            0.024034,             0.81256,             0.92013,             0.93129,             0.70635,            0.015821,           0.0029001,           0.0072934,            0.006931,            0.006931,            0.006931
                  64,            0.024496,           0.0094857,            0.023832,              0.8084,             0.89721,             0.92257,             0.73182,            0.014316,           0.0029519,           0.0099393,           0.0068815,           0.0068815,           0.0068815
                  65,            0.024014,           0.0094527,            0.024794,             0.89587,             0.88964,             0.93263,             0.74884,            0.015917,           0.0028444,           0.0073942,            0.006832,            0.006832,            0.006832
                  66,            0.023848,           0.0092578,            0.025113,             0.85353,             0.85478,             0.92788,             0.71506,            0.017137,           0.0028768,             0.01102,           0.0067825,           0.0067825,           0.0067825
                  67,            0.024749,           0.0092222,            0.024834,             0.89112,             0.86302,             0.93956,             0.71933,            0.016494,           0.0029466,           0.0081994,            0.006733,            0.006733,            0.006733
                  68,            0.023661,           0.0094191,            0.024827,             0.86484,              0.8538,             0.94117,              0.7416,            0.014773,           0.0027952,           0.0090535,           0.0066835,           0.0066835,           0.0066835
                  69,            0.023853,           0.0094229,            0.025347,             0.85925,             0.89816,              0.9487,             0.75284,            0.016162,           0.0027802,           0.0075959,            0.006634,            0.006634,            0.006634
                  70,            0.024465,           0.0093006,            0.024134,             0.86412,             0.85108,             0.92827,             0.69584,            0.016928,            0.002731,           0.0097943,           0.0065845,           0.0065845,           0.0065845
                  71,            0.023464,           0.0094699,            0.022941,             0.90058,             0.90141,              0.9362,             0.71192,            0.016855,           0.0026983,           0.0074296,            0.006535,            0.006535,            0.006535
                  72,            0.023679,           0.0092343,             0.02412,             0.87054,             0.89679,             0.94595,             0.74255,            0.016521,           0.0029539,           0.0084846,           0.0064855,           0.0064855,           0.0064855
                  73,            0.023396,           0.0095228,            0.023059,             0.85667,             0.85917,             0.92921,             0.73137,             0.01506,           0.0027345,           0.0079626,            0.006436,            0.006436,            0.006436
                  74,            0.023449,           0.0094283,            0.024427,             0.82859,             0.90458,             0.92951,             0.70794,            0.016106,           0.0028333,           0.0082391,           0.0063865,           0.0063865,           0.0063865
                  75,            0.023028,           0.0096482,            0.023006,             0.88034,             0.89221,             0.92905,             0.74936,            0.015011,           0.0026775,           0.0090519,            0.006337,            0.006337,            0.006337
                  76,            0.024011,           0.0091928,            0.022137,              0.8794,             0.87628,             0.92882,             0.73458,            0.015532,           0.0027851,           0.0093912,           0.0062875,           0.0062875,           0.0062875
                  77,            0.022907,           0.0089839,            0.021414,              0.8807,              0.8772,              0.9208,             0.72253,             0.01503,           0.0026243,           0.0090997,            0.006238,            0.006238,            0.006238
                  78,            0.023098,           0.0091757,            0.022102,              0.8931,             0.87046,             0.93264,             0.73842,             0.01522,           0.0028498,           0.0084287,           0.0061885,           0.0061885,           0.0061885
                  79,            0.023682,           0.0092262,            0.022818,             0.89316,             0.89078,              0.9503,             0.78136,            0.013481,           0.0027576,           0.0074081,            0.006139,            0.006139,            0.006139
                  80,            0.022858,           0.0090253,            0.021908,             0.89859,             0.87273,             0.96135,             0.76507,            0.015208,           0.0027334,            0.008991,           0.0060895,           0.0060895,           0.0060895
                  81,            0.023042,           0.0089127,              0.0203,             0.86919,             0.88409,             0.94472,             0.73369,            0.017013,           0.0028357,           0.0084311,             0.00604,             0.00604,             0.00604
                  82,            0.022548,           0.0091744,            0.020193,             0.92469,             0.87069,             0.94516,             0.73778,            0.015934,           0.0027938,           0.0082532,           0.0059905,           0.0059905,           0.0059905
                  83,            0.022296,           0.0091224,            0.021759,             0.89111,             0.85107,             0.92898,             0.73821,            0.015584,           0.0026971,           0.0086399,            0.005941,            0.005941,            0.005941
                  84,            0.022744,           0.0091464,             0.02127,             0.87225,             0.86214,             0.92664,             0.71553,            0.016122,           0.0027941,           0.0071371,           0.0058915,           0.0058915,           0.0058915
                  85,            0.022682,           0.0088059,            0.021538,             0.86573,             0.87175,             0.91634,             0.71813,            0.014823,           0.0026811,           0.0087843,            0.005842,            0.005842,            0.005842
                  86,            0.022491,           0.0089436,            0.019988,             0.84477,             0.86596,             0.92523,             0.73455,            0.014441,           0.0026478,            0.011721,           0.0057925,           0.0057925,           0.0057925
                  87,            0.022713,           0.0088067,            0.022098,              0.8843,              0.8754,             0.92705,               0.728,            0.015653,           0.0026679,           0.0092697,            0.005743,            0.005743,            0.005743
                  88,            0.021346,           0.0087889,            0.019544,             0.93086,             0.87705,             0.94826,             0.71693,            0.015806,           0.0028974,           0.0079968,           0.0056935,           0.0056935,           0.0056935
                  89,            0.022721,           0.0089284,            0.019376,             0.91271,             0.86829,             0.94142,             0.75944,            0.014435,           0.0027905,           0.0082098,            0.005644,            0.005644,            0.005644
                  90,            0.021731,           0.0086496,            0.020439,             0.92488,             0.87291,             0.94651,             0.74981,             0.01472,           0.0026718,           0.0074976,           0.0055945,           0.0055945,           0.0055945
                  91,            0.021976,           0.0087767,             0.01951,             0.90144,             0.87665,             0.95057,             0.74673,            0.015354,           0.0026463,           0.0072493,            0.005545,            0.005545,            0.005545
                  92,            0.022334,           0.0090525,            0.019766,             0.89367,             0.87391,              0.9288,             0.73939,             0.01441,           0.0026674,           0.0086711,           0.0054955,           0.0054955,           0.0054955
                  93,            0.021776,           0.0087103,            0.018275,             0.87876,             0.88479,             0.93224,             0.75177,             0.01448,           0.0026202,           0.0076202,            0.005446,            0.005446,            0.005446
                  94,            0.021782,           0.0086356,            0.018061,             0.90325,             0.86487,              0.9421,             0.76604,            0.014167,           0.0026235,           0.0082876,           0.0053965,           0.0053965,           0.0053965
                  95,            0.021795,           0.0087209,             0.01808,              0.8976,             0.84852,             0.92605,             0.74033,            0.015378,           0.0026129,            0.009746,            0.005347,            0.005347,            0.005347
                  96,             0.02165,           0.0087487,            0.019703,             0.86885,             0.89713,             0.93788,             0.75607,            0.014574,           0.0026293,           0.0075167,           0.0052975,           0.0052975,           0.0052975
                  97,            0.022158,           0.0088617,            0.018665,             0.88883,             0.86668,              0.9366,             0.77205,            0.014331,           0.0025294,           0.0084411,            0.005248,            0.005248,            0.005248
                  98,            0.021078,           0.0089442,            0.019221,             0.91717,             0.87893,             0.94112,             0.75633,             0.01465,            0.002593,           0.0082471,           0.0051985,           0.0051985,           0.0051985
                  99,            0.021926,           0.0085575,            0.019457,             0.90328,             0.86297,             0.94452,             0.73191,            0.015703,           0.0026453,           0.0084077,            0.005149,            0.005149,            0.005149
                 100,            0.021882,           0.0087589,            0.018301,             0.93343,             0.86619,             0.95525,             0.75193,            0.014931,           0.0026997,           0.0056951,           0.0050995,           0.0050995,           0.0050995
                 101,            0.021554,           0.0087164,            0.018418,             0.91438,             0.88253,              0.9389,               0.742,            0.015291,           0.0025809,           0.0075018,             0.00505,             0.00505,             0.00505
                 102,            0.021197,           0.0088755,            0.018578,             0.91063,             0.87932,             0.93274,             0.76085,            0.015153,           0.0025117,           0.0069543,           0.0050005,           0.0050005,           0.0050005
                 103,            0.022105,           0.0086965,            0.017243,             0.89694,             0.86884,             0.94463,             0.74213,            0.015595,           0.0026822,           0.0080744,            0.004951,            0.004951,            0.004951
                 104,            0.021306,           0.0084139,            0.017099,             0.91017,             0.84993,             0.95737,             0.76214,            0.015378,           0.0026035,            0.008441,           0.0049015,           0.0049015,           0.0049015
                 105,            0.021101,           0.0085824,            0.017143,             0.91637,             0.89514,             0.95875,             0.76896,            0.014798,           0.0025465,           0.0076195,            0.004852,            0.004852,            0.004852
                 106,            0.020822,           0.0088243,            0.017492,             0.89797,             0.87411,             0.95149,             0.76074,            0.014127,           0.0026003,           0.0088408,           0.0048025,           0.0048025,           0.0048025
                 107,            0.020651,           0.0085732,            0.016387,             0.90869,             0.86838,             0.93249,             0.75121,            0.014593,           0.0025621,            0.010326,            0.004753,            0.004753,            0.004753
                 108,            0.021302,           0.0085138,            0.018584,             0.85967,             0.88547,             0.91937,             0.73374,            0.014554,           0.0024792,           0.0094066,           0.0047035,           0.0047035,           0.0047035
                 109,            0.021107,           0.0085622,            0.016849,             0.90889,             0.86164,             0.93835,             0.75036,            0.014615,           0.0025232,           0.0097591,            0.004654,            0.004654,            0.004654
                 110,            0.021465,           0.0085907,            0.017977,             0.90822,             0.87427,             0.93391,             0.75304,            0.014495,           0.0024831,           0.0078446,           0.0046045,           0.0046045,           0.0046045
                 111,            0.020687,           0.0085169,            0.016255,             0.87653,             0.89029,               0.936,             0.73657,            0.015899,           0.0025035,           0.0091588,            0.004555,            0.004555,            0.004555
                 112,            0.021198,            0.008748,            0.016895,             0.91794,             0.86264,             0.94359,             0.76022,            0.014923,           0.0025414,           0.0086071,           0.0045055,           0.0045055,           0.0045055
                 113,             0.02083,           0.0086007,            0.016972,             0.84606,             0.88589,             0.93595,             0.73345,            0.014988,           0.0026452,           0.0093811,            0.004456,            0.004456,            0.004456
                 114,            0.020885,           0.0083192,              0.0166,             0.91184,             0.90251,             0.94254,              0.7482,            0.015572,            0.002525,           0.0077611,           0.0044065,           0.0044065,           0.0044065
                 115,            0.020853,           0.0083323,            0.017497,             0.91933,             0.87468,             0.95916,             0.76676,            0.014357,           0.0024391,           0.0069337,            0.004357,            0.004357,            0.004357
                 116,             0.02078,           0.0084224,            0.016125,             0.91831,             0.88877,             0.94929,             0.76732,            0.014078,           0.0025398,           0.0077222,           0.0043075,           0.0043075,           0.0043075
                 117,            0.019934,           0.0084449,            0.015116,             0.88872,             0.87852,             0.95251,             0.75282,            0.015007,           0.0026509,           0.0081789,            0.004258,            0.004258,            0.004258
                 118,            0.020127,           0.0084311,             0.01458,             0.90237,             0.88756,             0.94403,             0.75913,            0.014785,           0.0025011,           0.0081529,           0.0042085,           0.0042085,           0.0042085
                 119,            0.019772,           0.0084713,            0.015044,             0.91745,             0.88153,             0.94659,             0.76402,            0.014649,           0.0024536,           0.0065092,            0.004159,            0.004159,            0.004159
                 120,            0.019896,           0.0084008,            0.015601,             0.86625,             0.90141,             0.93939,             0.73711,            0.015701,           0.0025892,           0.0073063,           0.0041095,           0.0041095,           0.0041095
                 121,            0.020063,           0.0083948,             0.01519,             0.90257,             0.89163,             0.93768,             0.74548,            0.014974,           0.0025446,           0.0072397,             0.00406,             0.00406,             0.00406
                 122,            0.020198,           0.0081666,            0.016419,             0.90492,             0.87385,             0.94293,             0.76038,            0.014917,           0.0025772,           0.0071843,           0.0040105,           0.0040105,           0.0040105
                 123,             0.02036,           0.0082583,            0.015588,             0.90027,             0.89641,             0.95812,             0.76155,            0.014313,           0.0025454,           0.0072265,            0.003961,            0.003961,            0.003961
                 124,            0.019999,           0.0084467,            0.015872,             0.91603,             0.87327,              0.9497,             0.75672,            0.014466,           0.0024953,           0.0079697,           0.0039115,           0.0039115,           0.0039115
                 125,            0.020052,            0.008338,            0.015415,             0.90298,             0.89585,             0.95958,             0.77311,            0.015355,           0.0026127,           0.0071937,            0.003862,            0.003862,            0.003862
                 126,            0.019524,           0.0080756,            0.014617,             0.87278,             0.88462,             0.94504,             0.75133,            0.015437,           0.0026886,            0.007209,           0.0038125,           0.0038125,           0.0038125
                 127,            0.020315,           0.0082044,            0.015073,             0.90139,             0.87215,              0.9416,             0.74453,            0.015426,           0.0027286,           0.0074601,            0.003763,            0.003763,            0.003763
                 128,            0.019957,           0.0083259,            0.014565,             0.89328,              0.8672,             0.94095,              0.7585,            0.014751,           0.0025421,            0.007289,           0.0037135,           0.0037135,           0.0037135
                 129,            0.019324,           0.0081084,            0.013783,             0.92747,             0.88298,             0.95287,             0.75503,            0.015665,           0.0025618,           0.0054703,            0.003664,            0.003664,            0.003664
                 130,            0.019769,           0.0084818,            0.013224,             0.92172,             0.87059,             0.94804,             0.75413,            0.014901,            0.002527,           0.0065717,           0.0036145,           0.0036145,           0.0036145
                 131,            0.019307,           0.0081061,            0.013599,             0.90283,             0.87898,             0.94814,             0.75572,            0.014843,           0.0025628,           0.0072069,            0.003565,            0.003565,            0.003565
                 132,            0.019359,           0.0082575,            0.013495,             0.90297,             0.88767,             0.94497,             0.75903,            0.014372,           0.0025298,           0.0075353,           0.0035155,           0.0035155,           0.0035155
                 133,            0.019255,           0.0081391,            0.014342,             0.91236,              0.8679,             0.94689,             0.75357,             0.01474,           0.0025547,           0.0083579,            0.003466,            0.003466,            0.003466
                 134,            0.020117,           0.0083906,            0.014207,             0.90563,             0.87525,             0.93701,             0.75187,            0.014463,           0.0025024,           0.0085877,           0.0034165,           0.0034165,           0.0034165
                 135,            0.019166,           0.0082405,            0.013411,             0.90311,             0.88517,             0.94864,             0.74352,             0.01474,           0.0024646,           0.0082375,            0.003367,            0.003367,            0.003367
                 136,            0.018776,           0.0078374,             0.01356,             0.91466,             0.88361,             0.94625,             0.74381,             0.01553,           0.0025494,           0.0081555,           0.0033175,           0.0033175,           0.0033175
                 137,            0.019087,           0.0081047,            0.013471,             0.89241,             0.87481,             0.95104,             0.76219,            0.014576,           0.0024762,            0.007684,            0.003268,            0.003268,            0.003268
                 138,            0.019296,           0.0079034,            0.012948,              0.8713,             0.89892,             0.95257,             0.76944,            0.014219,           0.0025111,           0.0077316,           0.0032185,           0.0032185,           0.0032185
                 139,            0.019164,           0.0079477,            0.012806,              0.8994,             0.87078,             0.94699,             0.75544,             0.01447,           0.0025125,           0.0067979,            0.003169,            0.003169,            0.003169
                 140,            0.018916,           0.0078865,            0.011973,             0.89464,               0.862,             0.93135,              0.7459,            0.014878,           0.0025016,           0.0081174,           0.0031195,           0.0031195,           0.0031195
                 141,            0.019312,           0.0081409,              0.0137,             0.87426,             0.88427,             0.93246,             0.74449,            0.015275,            0.002496,           0.0080522,             0.00307,             0.00307,             0.00307
                 142,            0.018303,           0.0078113,            0.011663,             0.89517,             0.87778,             0.94418,             0.76814,            0.014096,           0.0025132,           0.0080432,           0.0030205,           0.0030205,           0.0030205
                 143,            0.018862,           0.0081372,            0.012398,             0.90584,             0.89832,             0.94215,             0.76308,            0.014383,           0.0025767,           0.0071982,            0.002971,            0.002971,            0.002971
                 144,            0.018135,           0.0079062,            0.012215,             0.90243,             0.89143,             0.94314,             0.77464,            0.013611,           0.0024969,           0.0060415,           0.0029215,           0.0029215,           0.0029215
                 145,            0.018636,            0.007803,            0.011761,             0.91831,             0.88765,             0.93618,             0.75835,            0.013879,           0.0024058,            0.006651,            0.002872,            0.002872,            0.002872
                 146,            0.018559,           0.0075707,            0.012488,             0.92064,             0.86586,              0.9392,             0.76597,            0.014179,           0.0023368,           0.0066361,           0.0028225,           0.0028225,           0.0028225
                 147,            0.018624,           0.0078113,            0.011555,             0.91459,             0.85994,             0.93215,             0.74186,            0.015027,           0.0024776,           0.0080547,            0.002773,            0.002773,            0.002773
                 148,            0.018335,           0.0080339,            0.012385,             0.91425,             0.85089,             0.94494,             0.77071,            0.014524,           0.0024243,           0.0083469,           0.0027235,           0.0027235,           0.0027235
                 149,            0.018121,           0.0077867,            0.011472,             0.91391,             0.87412,             0.94029,             0.75626,            0.014306,           0.0024708,           0.0067122,            0.002674,            0.002674,            0.002674
                 150,            0.017542,           0.0077741,             0.01225,             0.89842,              0.8921,             0.93514,             0.76291,            0.014253,           0.0024059,           0.0067784,           0.0026245,           0.0026245,           0.0026245
                 151,            0.018033,           0.0074951,            0.011063,              0.8951,             0.86685,             0.92817,             0.74373,             0.01462,           0.0024815,           0.0093855,            0.002575,            0.002575,            0.002575
                 152,             0.01864,           0.0081493,            0.012134,             0.91619,             0.87069,             0.94209,             0.76499,            0.013939,            0.002496,           0.0086509,           0.0025255,           0.0025255,           0.0025255
                 153,            0.018215,            0.007834,            0.011424,              0.9009,             0.88794,             0.94372,             0.76212,            0.014735,           0.0025283,           0.0070603,            0.002476,            0.002476,            0.002476
                 154,            0.018309,           0.0077171,            0.010156,             0.90357,              0.8581,             0.93484,             0.75413,            0.014529,           0.0025228,           0.0084749,           0.0024265,           0.0024265,           0.0024265
                 155,            0.017968,           0.0075643,            0.011657,             0.91077,              0.8533,             0.94071,             0.75171,            0.014489,           0.0024604,           0.0083332,            0.002377,            0.002377,            0.002377
                 156,            0.018344,            0.007605,              0.0117,             0.89579,             0.87307,             0.94914,             0.77535,            0.014428,           0.0024532,           0.0074958,           0.0023275,           0.0023275,           0.0023275
                 157,            0.017592,           0.0076629,             0.01075,             0.90409,             0.86626,             0.94583,             0.75771,            0.014657,            0.002544,           0.0076088,            0.002278,            0.002278,            0.002278
                 158,            0.017613,           0.0075891,            0.010447,             0.91175,               0.879,             0.94227,              0.7578,            0.014346,            0.002532,            0.007265,           0.0022285,           0.0022285,           0.0022285
                 159,            0.017736,           0.0075299,            0.010505,             0.91628,              0.8617,             0.93058,             0.74567,            0.014179,           0.0024554,            0.008898,            0.002179,            0.002179,            0.002179
                 160,             0.01775,           0.0076226,            0.010104,             0.90332,             0.85933,             0.92871,             0.74648,            0.014263,           0.0024506,           0.0080715,           0.0021295,           0.0021295,           0.0021295
                 161,            0.017241,           0.0078223,            0.010322,             0.90397,             0.87458,             0.93937,             0.75356,            0.014458,           0.0024755,           0.0074328,             0.00208,             0.00208,             0.00208
                 162,             0.01732,           0.0073449,            0.010607,             0.88299,             0.87196,              0.9334,             0.74846,            0.014648,           0.0024938,           0.0082819,           0.0020305,           0.0020305,           0.0020305
                 163,            0.016941,           0.0073125,           0.0093531,             0.90891,             0.86082,             0.93009,             0.75217,            0.013998,           0.0024452,           0.0091177,            0.001981,            0.001981,            0.001981
                 164,            0.017302,           0.0078122,            0.010279,             0.91187,             0.86428,             0.93353,             0.75148,            0.014787,           0.0025223,           0.0086658,           0.0019315,           0.0019315,           0.0019315
                 165,            0.016935,           0.0075976,            0.010354,             0.89215,             0.85529,             0.93566,             0.74391,            0.014704,           0.0024408,           0.0083647,            0.001882,            0.001882,            0.001882
                 166,            0.016738,           0.0076562,            0.010004,             0.90647,              0.8486,             0.93663,              0.7545,            0.014461,           0.0023798,           0.0091262,           0.0018325,           0.0018325,           0.0018325
                 167,             0.01717,           0.0074962,            0.010337,              0.9041,             0.85633,             0.93582,             0.74862,            0.014516,           0.0024479,           0.0088623,            0.001783,            0.001783,            0.001783
                 168,            0.016857,           0.0074782,           0.0097757,             0.90216,             0.85406,             0.93692,             0.75071,            0.014539,           0.0025713,           0.0082394,           0.0017335,           0.0017335,           0.0017335
                 169,            0.016581,           0.0077244,            0.010034,              0.9101,             0.88446,             0.93611,              0.7481,            0.014959,           0.0025603,           0.0076367,            0.001684,            0.001684,            0.001684
                 170,            0.016556,           0.0074125,           0.0096737,             0.92294,             0.87899,             0.93491,             0.75426,            0.014358,           0.0024719,           0.0081554,           0.0016345,           0.0016345,           0.0016345
                 171,            0.016636,           0.0075346,            0.010512,             0.88981,             0.89043,             0.93782,             0.74177,            0.014464,           0.0025878,           0.0086316,            0.001585,            0.001585,            0.001585
                 172,            0.016459,           0.0074424,           0.0092661,             0.91594,             0.86411,              0.9357,             0.74556,            0.014599,           0.0025839,           0.0085835,           0.0015355,           0.0015355,           0.0015355
                 173,            0.015776,           0.0071456,           0.0099186,             0.90348,              0.8582,              0.9289,             0.74744,             0.01409,           0.0025074,           0.0089803,            0.001486,            0.001486,            0.001486
                 174,            0.016033,           0.0073443,           0.0088127,             0.90842,             0.85848,             0.92919,             0.74953,            0.014134,            0.002487,           0.0088708,           0.0014365,           0.0014365,           0.0014365
                 175,            0.016331,           0.0071575,           0.0096971,             0.90644,             0.87594,             0.93056,             0.74162,            0.014685,           0.0025562,           0.0087947,            0.001387,            0.001387,            0.001387
                 176,            0.016993,            0.007238,           0.0088798,             0.91015,              0.8763,             0.92986,              0.7433,            0.014388,           0.0025622,           0.0085934,           0.0013375,           0.0013375,           0.0013375
                 177,            0.016254,           0.0074303,           0.0087418,             0.90527,             0.86026,             0.92705,             0.75114,            0.014053,           0.0025679,            0.008859,            0.001288,            0.001288,            0.001288
                 178,            0.016316,           0.0072563,            0.008198,             0.89715,             0.85631,             0.92576,             0.74143,            0.014266,           0.0025758,            0.009551,           0.0012385,           0.0012385,           0.0012385
                 179,            0.015736,           0.0072049,           0.0079962,             0.90664,             0.86892,             0.93352,             0.75126,            0.014301,           0.0025856,           0.0089788,            0.001189,            0.001189,            0.001189
