제목,링크
AC밀란이랑 리버풀,https://kin.naver.com/qna/detail.naver?d1id=10&dirId=1001010202&docId=461984007&qb=QUPrsIDrnoA=&enc=utf8§ion=kin.qna_ency&rank=1&search_sort=0&spq=0
피파 팀추천 fc온라인 팀추천 ac밀란... ,https://kin.naver.com/qna/detail.naver?d1id=10&dirId=1001010202&docId=467103146&qb=QUPrsIDrnoA=&enc=utf8§ion=kin.qna_ency&rank=2&search_sort=0&spq=0
AC밀란 9번,https://kin.naver.com/qna/detail.naver?d1id=10&dirId=1001010202&docId=461942187&qb=QUPrsIDrnoA=&enc=utf8§ion=kin.qna_ency&rank=3&search_sort=0&spq=0
AC밀란 등번호,https://kin.naver.com/qna/detail.naver?d1id=10&dirId=1001010202&docId=460050124&qb=QUPrsIDrnoA=&enc=utf8§ion=kin.qna_ency&rank=4&search_sort=0&spq=0
FC AC 밀란 경기 무료로 볼 수 있나요?,https://kin.naver.com/qna/detail.naver?d1id=8&dirId=8010501&docId=456853445&qb=QUPrsIDrnoA=&enc=utf8§ion=kin.qna_ency&rank=5&search_sort=0&spq=0
fc온라인 크레스포 ac밀란 유니폼 미페,https://kin.naver.com/qna/detail.naver?d1id=10&dirId=1001010202&docId=457685894&qb=QUPrsIDrnoA=&enc=utf8§ion=kin.qna_ency&rank=6&search_sort=0&spq=0
2023년5월11일 AC 밀란 FC... ,https://kin.naver.com/qna/detail.naver?d1id=4&dirId=40606&docId=445551461&qb=QUPrsIDrnoA=&enc=utf8§ion=kin.qna_ency&rank=7&search_sort=0&spq=0
발로텔리 AC밀란 활약,https://kin.naver.com/qna/detail.naver?d1id=10&dirId=1001010202&docId=447967702&qb=QUPrsIDrnoA=&enc=utf8§ion=kin.qna_ency&rank=8&search_sort=0&spq=0
2023년5월11일 AC 밀란 FC... ,https://kin.naver.com/qna/detail.naver?d1id=4&dirId=40607&docId=445548136&qb=QUPrsIDrnoA=&enc=utf8§ion=kin.qna_ency&rank=9&search_sort=0&spq=0
세리아 A나 AC밀란 나오는 경기 또는... ,https://kin.naver.com/qna/detail.naver?d1id=10&dirId=1001010202&docId=36245236&qb=QUPrsIDrnoA=&enc=utf8§ion=kin.qna_ency&rank=10&search_sort=0&spq=0
ac밀란 유니폼 정품 구별,https://kin.naver.com/qna/detail.naver?d1id=10&dirId=1001010202&docId=468171631&qb=QUPrsIDrnoA=&enc=utf8§ion=kin.qna_ency&rank=11&search_sort=0&spq=0
AC밀란 2022/23 홈 유니폼,https://kin.naver.com/qna/detail.naver?d1id=10&dirId=1001010202&docId=464479667&qb=QUPrsIDrnoA=&enc=utf8§ion=kin.qna_ency&rank=12&search_sort=0&spq=0
AC밀란6번알려주세여,https://kin.naver.com/qna/detail.naver?d1id=10&dirId=1001010202&docId=467893244&qb=QUPrsIDrnoA=&enc=utf8§ion=kin.qna_ency&rank=13&search_sort=0&spq=0
AC밀란 감독,https://kin.naver.com/qna/detail.naver?d1id=10&dirId=10010105&docId=461338838&qb=QUPrsIDrnoA=&enc=utf8§ion=kin.qna_ency&rank=14&search_sort=0&spq=0
피파온라인4 AC밀란 200억 스쿼드,https://kin.naver.com/qna/detail.naver?d1id=2&dirId=20608&docId=442358137&qb=QUPrsIDrnoA=&enc=utf8§ion=kin.qna_ency&rank=15&search_sort=0&spq=0
Ac밀란이랑바르사간선수,https://kin.naver.com/qna/detail.naver?d1id=10&dirId=1001010202&docId=453215933&qb=QUPrsIDrnoA=&enc=utf8§ion=kin.qna_ency&rank=16&search_sort=0&spq=0
AC밀란 역사의 관련되는 책,https://kin.naver.com/qna/detail.naver?d1id=3&dirId=3120102&docId=448511998&qb=QUPrsIDrnoA=&enc=utf8§ion=kin.qna_ency&rank=17&search_sort=0&spq=0
AC밀란 칼리아리,https://kin.naver.com/qna/detail.naver?d1id=10&dirId=10010102&docId=461476624&qb=QUPrsIDrnoA=&enc=utf8§ion=kin.qna_ency&rank=18&search_sort=0&spq=0
Ac밀란 역사와 관련된 책,https://kin.naver.com/qna/detail.naver?d1id=3&dirId=3120102&docId=448774063&qb=QUPrsIDrnoA=&enc=utf8§ion=kin.qna_ency&rank=19&search_sort=0&spq=0
Ac밀란 역사와 관련된 책,https://kin.naver.com/qna/detail.naver?d1id=3&dirId=3120102&docId=448749672&qb=QUPrsIDrnoA=&enc=utf8§ion=kin.qna_ency&rank=20&search_sort=0&spq=0
Ac밀란 이적설,https://kin.naver.com/qna/detail.naver?d1id=10&dirId=1001010202&docId=469230789&qb=QUPrsIDrnoA=&enc=utf8§ion=kin.qna_ency&rank=21&search_sort=0&spq=0
Ac 밀란 빅클럽?,https://kin.naver.com/qna/detail.naver?d1id=10&dirId=1001010202&docId=468793437&qb=QUPrsIDrnoA=&enc=utf8§ion=kin.qna_ency&rank=22&search_sort=0&spq=0
5000억 ac밀란짜주실수있나요??,https://kin.naver.com/qna/detail.naver?d1id=1&dirId=10905&docId=454226996&qb=QUPrsIDrnoA=&enc=utf8§ion=kin.qna_ency&rank=23&search_sort=0&spq=0
ac밀란 골키퍼,https://kin.naver.com/qna/detail.naver?d1id=10&dirId=10010102&docId=468453240&qb=QUPrsIDrnoA=&enc=utf8§ion=kin.qna_ency&rank=24&search_sort=0&spq=0
ac밀란 유니폼 질문,https://kin.naver.com/qna/detail.naver?d1id=10&dirId=1001010202&docId=451333957&qb=QUPrsIDrnoA=&enc=utf8§ion=kin.qna_ency&rank=25&search_sort=0&spq=0
이스탄불의 기적 ac밀란이 도발했나요?,https://kin.naver.com/qna/detail.naver?d1id=10&dirId=1001010202&docId=453439247&qb=QUPrsIDrnoA=&enc=utf8§ion=kin.qna_ency&rank=26&search_sort=0&spq=0
피파온라인4 ac밀란,https://kin.naver.com/qna/detail.naver?d1id=10&dirId=1001010202&docId=450066264&qb=QUPrsIDrnoA=&enc=utf8§ion=kin.qna_ency&rank=27&search_sort=0&spq=0
AC밀란 키퍼,https://kin.naver.com/qna/detail.naver?d1id=10&dirId=10010102&docId=450926155&qb=QUPrsIDrnoA=&enc=utf8§ion=kin.qna_ency&rank=28&search_sort=0&spq=0
피파온라인4 AC밀란 공격수 추천,https://kin.naver.com/qna/detail.naver?d1id=2&dirId=20608&docId=447188084&qb=QUPrsIDrnoA=&enc=utf8§ion=kin.qna_ency&rank=29&search_sort=0&spq=0
ac밀란.,https://kin.naver.com/qna/detail.naver?d1id=10&dirId=1001010202&docId=468995318&qb=QUPrsIDrnoA=&enc=utf8§ion=kin.qna_ency&rank=30&search_sort=0&spq=0
AC밀란과 인터밀란 라이벌 배경,https://kin.naver.com/qna/detail.naver?d1id=10&dirId=1001010202&docId=469145873&qb=QUPrsIDrnoA=&enc=utf8§ion=kin.qna_ency&rank=31&search_sort=0&spq=0
피파4 ac 밀란 스쿼드 ( 피드백 ),https://kin.naver.com/qna/detail.naver?d1id=2&dirId=20608&docId=467608406&qb=QUPrsIDrnoA=&enc=utf8§ion=kin.qna_ency&rank=32&search_sort=0&spq=0
피파 200억 ac밀란 스쿼드,https://kin.naver.com/qna/detail.naver?d1id=10&dirId=10010105&docId=450924922&qb=QUPrsIDrnoA=&enc=utf8§ion=kin.qna_ency&rank=33&search_sort=0&spq=0
피파 ac밀란 스쿼드,https://kin.naver.com/qna/detail.naver?d1id=10&dirId=10010101&docId=443319887&qb=QUPrsIDrnoA=&enc=utf8§ion=kin.qna_ency&rank=34&search_sort=0&spq=0
피파온라인4 AC밀란 스쿼드,https://kin.naver.com/qna/detail.naver?d1id=10&dirId=1001010202&docId=421006004&qb=QUPrsIDrnoA=&enc=utf8§ion=kin.qna_ency&rank=35&search_sort=0&spq=0
AC밀란 300억 공격수,https://kin.naver.com/qna/detail.naver?d1id=13&dirId=13030402&docId=449223964&qb=QUPrsIDrnoA=&enc=utf8§ion=kin.qna_ency&rank=36&search_sort=0&spq=0
피파 ac밀란 스쿼드,https://kin.naver.com/qna/detail.naver?d1id=10&dirId=1001010202&docId=447158006&qb=QUPrsIDrnoA=&enc=utf8§ion=kin.qna_ency&rank=37&search_sort=0&spq=0
피파모바일 ac밀란,https://kin.naver.com/qna/detail.naver?d1id=10&dirId=1001010202&docId=452789387&qb=QUPrsIDrnoA=&enc=utf8§ion=kin.qna_ency&rank=38&search_sort=0&spq=0
킷백 AC밀란 유니폼 마킹 질문,https://kin.naver.com/qna/detail.naver?d1id=10&dirId=1001010202&docId=460125669&qb=QUPrsIDrnoA=&enc=utf8§ion=kin.qna_ency&rank=39&search_sort=0&spq=0
피파4 1000억 AC밀란 짜주세요,https://kin.naver.com/qna/detail.naver?d1id=2&dirId=20608&docId=448768896&qb=QUPrsIDrnoA=&enc=utf8§ion=kin.qna_ency&rank=40&search_sort=0&spq=0
AC밀란 현역 1000억 스쿼드,https://kin.naver.com/qna/detail.naver?d1id=10&dirId=1001010202&docId=450161915&qb=QUPrsIDrnoA=&enc=utf8§ion=kin.qna_ency&rank=41&search_sort=0&spq=0
피파4 3800억 ac밀란 스쿼드,https://kin.naver.com/qna/detail.naver?d1id=2&dirId=20608&docId=442949343&qb=QUPrsIDrnoA=&enc=utf8§ion=kin.qna_ency&rank=42&search_sort=0&spq=0
레알 첼시 ac밀란도 60억 스쿼드,https://kin.naver.com/qna/detail.naver?d1id=2&dirId=20608&docId=421381651&qb=QUPrsIDrnoA=&enc=utf8§ion=kin.qna_ency&rank=43&search_sort=0&spq=0
ac밀란 유니폼,https://kin.naver.com/qna/detail.naver?d1id=10&dirId=1001010202&docId=445096755&qb=QUPrsIDrnoA=&enc=utf8§ion=kin.qna_ency&rank=44&search_sort=0&spq=0
피파 AC밀란,https://kin.naver.com/qna/detail.naver?d1id=10&dirId=10010102&docId=464822979&qb=QUPrsIDrnoA=&enc=utf8§ion=kin.qna_ency&rank=45&search_sort=0&spq=0
AC밀란 레전드,https://kin.naver.com/qna/detail.naver?d1id=10&dirId=10010305&docId=432082083&qb=QUPrsIDrnoA=&enc=utf8§ion=kin.qna_ency&rank=46&search_sort=0&spq=0
인터 밀란과 ac밀란을 부르는 방법,https://kin.naver.com/qna/detail.naver?d1id=10&dirId=1001010202&docId=460679320&qb=QUPrsIDrnoA=&enc=utf8§ion=kin.qna_ency&rank=47&search_sort=0&spq=0
피파 ac밀란 선수중 발빠른 수비수,https://kin.naver.com/qna/detail.naver?d1id=2&dirId=20608&docId=450299931&qb=QUPrsIDrnoA=&enc=utf8§ion=kin.qna_ency&rank=48&search_sort=0&spq=0
ac밀란 홈구장,https://kin.naver.com/qna/detail.naver?d1id=10&dirId=100101&docId=442486234&qb=QUPrsIDrnoA=&enc=utf8§ion=kin.qna_ency&rank=49&search_sort=0&spq=0
AC 밀란 100억 팀 좀 맞춰주세요,https://kin.naver.com/qna/detail.naver?d1id=2&dirId=20608&docId=422592017&qb=QUPrsIDrnoA=&enc=utf8§ion=kin.qna_ency&rank=50&search_sort=0&spq=0
피파4 400억 AC밀란,https://kin.naver.com/qna/detail.naver?d1id=2&dirId=20608&docId=423159608&qb=QUPrsIDrnoA=&enc=utf8§ion=kin.qna_ency&rank=51&search_sort=0&spq=0
AC밀란 골키퍼 킷 구매,https://kin.naver.com/qna/detail.naver?d1id=10&dirId=10010102&docId=450358616&qb=QUPrsIDrnoA=&enc=utf8§ion=kin.qna_ency&rank=52&search_sort=0&spq=0
피파4 ac밀란 스쿼드,https://kin.naver.com/qna/detail.naver?d1id=2&dirId=20608&docId=444844726&qb=QUPrsIDrnoA=&enc=utf8§ion=kin.qna_ency&rank=53&search_sort=0&spq=0
맨유 ac밀란,https://kin.naver.com/qna/detail.naver?d1id=10&dirId=1001010202&docId=468288251&qb=QUPrsIDrnoA=&enc=utf8§ion=kin.qna_ency&rank=54&search_sort=0&spq=0
ac밀란 도르트문트,https://kin.naver.com/qna/detail.naver?d1id=10&dirId=10010102&docId=455894155&qb=QUPrsIDrnoA=&enc=utf8§ion=kin.qna_ency&rank=55&search_sort=0&spq=0
피파 ac밀란 올스타 스쿼드,https://kin.naver.com/qna/detail.naver?d1id=2&dirId=20608&docId=367049714&qb=QUPrsIDrnoA=&enc=utf8§ion=kin.qna_ency&rank=56&search_sort=0&spq=0
토트넘 AC 밀란 중계 어디서 하죠?,https://kin.naver.com/qna/detail.naver?d1id=4&dirId=40607&docId=438945069&qb=QUPrsIDrnoA=&enc=utf8§ion=kin.qna_ency&rank=57&search_sort=0&spq=0
Ac밀란 대 레알 마드리드 프리시즌 경기,https://kin.naver.com/qna/detail.naver?d1id=10&dirId=1001010202&docId=450831083&qb=QUPrsIDrnoA=&enc=utf8§ion=kin.qna_ency&rank=58&search_sort=0&spq=0
피파 모바일 ac밀란,https://kin.naver.com/qna/detail.naver?d1id=10&dirId=1001010202&docId=444386085&qb=QUPrsIDrnoA=&enc=utf8§ion=kin.qna_ency&rank=59&search_sort=0&spq=0
피파(FC) AC밀란 500억팀,https://kin.naver.com/qna/detail.naver?d1id=10&dirId=10010102&docId=459720817&qb=QUPrsIDrnoA=&enc=utf8§ion=kin.qna_ency&rank=60&search_sort=0&spq=0
피파4 ac밀란 400억 스쿼드,https://kin.naver.com/qna/detail.naver?d1id=2&dirId=20608&docId=422797778&qb=QUPrsIDrnoA=&enc=utf8§ion=kin.qna_ency&rank=61&search_sort=0&spq=0
"세리에A 빅3:Ac밀란,인터밀란,유벤",https://kin.naver.com/qna/detail.naver?d1id=8&dirId=80101&docId=444551861&qb=QUPrsIDrnoA=&enc=utf8§ion=kin.qna_ency&rank=62&search_sort=0&spq=0
피파4 ac밀란 800억 스쿼드 부탁드립니다,https://kin.naver.com/qna/detail.naver?d1id=2&dirId=20608&docId=445273193&qb=QUPrsIDrnoA=&enc=utf8§ion=kin.qna_ency&rank=63&search_sort=0&spq=0
06-07 ac밀란 유니폼 어웨이 상품번호,https://kin.naver.com/qna/detail.naver?d1id=10&dirId=1001010202&docId=468163885&qb=QUPrsIDrnoA=&enc=utf8§ion=kin.qna_ency&rank=64&search_sort=0&spq=0
AC 밀란 골키퍼 유니폼,https://kin.naver.com/qna/detail.naver?d1id=10&dirId=10010102&docId=467091939&qb=QUPrsIDrnoA=&enc=utf8§ion=kin.qna_ency&rank=65&search_sort=0&spq=0
피온4 AC 밀란 수비수,https://kin.naver.com/qna/detail.naver?d1id=2&dirId=20608&docId=466093300&qb=QUPrsIDrnoA=&enc=utf8§ion=kin.qna_ency&rank=66&search_sort=0&spq=0
피파 300억 (250억~290억 사이) ac밀란... ,https://kin.naver.com/qna/detail.naver?d1id=10&dirId=1001010202&docId=440713631&qb=QUPrsIDrnoA=&enc=utf8§ion=kin.qna_ency&rank=67&search_sort=0&spq=0
피파4 430억 정도 있는데 ac밀란 짜주세요,https://kin.naver.com/qna/detail.naver?d1id=2&dirId=20608&docId=433195775&qb=QUPrsIDrnoA=&enc=utf8§ion=kin.qna_ency&rank=68&search_sort=0&spq=0
피파 ac밀란 올스타 2000억 스쿼드,https://kin.naver.com/qna/detail.naver?d1id=2&dirId=20608&docId=437187365&qb=QUPrsIDrnoA=&enc=utf8§ion=kin.qna_ency&rank=69&search_sort=0&spq=0
[내공10]인터밀란 ac밀란 홈구장,https://kin.naver.com/qna/detail.naver?d1id=10&dirId=1001010202&docId=428048775&qb=QUPrsIDrnoA=&enc=utf8§ion=kin.qna_ency&rank=70&search_sort=0&spq=0
AC밀란 인터밀란 챔스 누가 이길것 같나요,https://kin.naver.com/qna/detail.naver?d1id=2&dirId=20608&docId=445608953&qb=QUPrsIDrnoA=&enc=utf8§ion=kin.qna_ency&rank=71&search_sort=0&spq=0
ac 밀란 유니폼,https://kin.naver.com/qna/detail.naver?d1id=10&dirId=1001010202&docId=394044791&qb=QUPrsIDrnoA=&enc=utf8§ion=kin.qna_ency&rank=72&search_sort=0&spq=0
적폐 ac밀란,https://kin.naver.com/qna/detail.naver?d1id=2&dirId=20608&docId=463494089&qb=QUPrsIDrnoA=&enc=utf8§ion=kin.qna_ency&rank=73&search_sort=0&spq=0
챔스우승 ac밀란,https://kin.naver.com/qna/detail.naver?d1id=10&dirId=1001010202&docId=444877625&qb=QUPrsIDrnoA=&enc=utf8§ion=kin.qna_ency&rank=74&search_sort=0&spq=0
피파온라인4 맨시티 리버풀 ac밀란,https://kin.naver.com/qna/detail.naver?d1id=2&dirId=20608&docId=417053130&qb=QUPrsIDrnoA=&enc=utf8§ion=kin.qna_ency&rank=75&search_sort=0&spq=0
피파모바일 ac밀란 단일 등번호,https://kin.naver.com/qna/detail.naver?d1id=10&dirId=1001010202&docId=440662782&qb=QUPrsIDrnoA=&enc=utf8§ion=kin.qna_ency&rank=76&search_sort=0&spq=0
6천억 AC밀란 짜주세요 (내공 190),https://kin.naver.com/qna/detail.naver?d1id=11&dirId=110304&docId=461085087&qb=QUPrsIDrnoA=&enc=utf8§ion=kin.qna_ency&rank=77&search_sort=0&spq=0
피파4 fc온라인 ac밀란 팀컬러,https://kin.naver.com/qna/detail.naver?d1id=10&dirId=1001010201&docId=468456880&qb=QUPrsIDrnoA=&enc=utf8§ion=kin.qna_ency&rank=78&search_sort=0&spq=0
FC온라인 AC밀란 4000억으로 짜주실분,https://kin.naver.com/qna/detail.naver?d1id=2&dirId=20608&docId=459531332&qb=QUPrsIDrnoA=&enc=utf8§ion=kin.qna_ency&rank=79&search_sort=0&spq=0
"피파 스쿼드 ac밀란, 첼시",https://kin.naver.com/qna/detail.naver?d1id=10&dirId=1001010202&docId=424535840&qb=QUPrsIDrnoA=&enc=utf8§ion=kin.qna_ency&rank=80&search_sort=0&spq=0
피파4 150억 ac밀란,https://kin.naver.com/qna/detail.naver?d1id=10&dirId=1001010202&docId=405976048&qb=QUPrsIDrnoA=&enc=utf8§ion=kin.qna_ency&rank=81&search_sort=0&spq=0
피파온라인4 ac밀란 팀좀 맞춰 주세요... ,https://kin.naver.com/qna/detail.naver?d1id=2&dirId=20608&docId=424131165&qb=QUPrsIDrnoA=&enc=utf8§ion=kin.qna_ency&rank=82&search_sort=0&spq=0
피파4 400억 ac밀란 짜주세요,https://kin.naver.com/qna/detail.naver?d1id=2&dirId=20608&docId=433060914&qb=QUPrsIDrnoA=&enc=utf8§ion=kin.qna_ency&rank=83&search_sort=0&spq=0
ac밀란 윙어 커브,https://kin.naver.com/qna/detail.naver?d1id=10&dirId=1001010202&docId=424108882&qb=QUPrsIDrnoA=&enc=utf8§ion=kin.qna_ency&rank=84&search_sort=0&spq=0
"AC 밀란, 인터밀란 세컨 팀",https://kin.naver.com/qna/detail.naver?d1id=10&dirId=1001010202&docId=465997601&qb=QUPrsIDrnoA=&enc=utf8§ion=kin.qna_ency&rank=85&search_sort=0&spq=0
AC밀란 스쿼드 맞나요??,https://kin.naver.com/qna/detail.naver?d1id=10&dirId=10010105&docId=444669948&qb=QUPrsIDrnoA=&enc=utf8§ion=kin.qna_ency&rank=86&search_sort=0&spq=0
피파4 ac밀란,https://kin.naver.com/qna/detail.naver?d1id=2&dirId=20608&docId=389810641&qb=QUPrsIDrnoA=&enc=utf8§ion=kin.qna_ency&rank=87&search_sort=0&spq=0
피파온라인4 AC밀란+레알마드리드 5,https://kin.naver.com/qna/detail.naver?d1id=2&dirId=20608&docId=427746214&qb=QUPrsIDrnoA=&enc=utf8§ion=kin.qna_ency&rank=88&search_sort=0&spq=0
AC밀란 선수들 등번호,https://kin.naver.com/qna/detail.naver?d1id=10&dirId=10010105&docId=458774672&qb=QUPrsIDrnoA=&enc=utf8§ion=kin.qna_ency&rank=89&search_sort=0&spq=0
맨시티 ac밀란 맨시티 인테르,https://kin.naver.com/qna/detail.naver?d1id=10&dirId=1001010202&docId=445628399&qb=QUPrsIDrnoA=&enc=utf8§ion=kin.qna_ency&rank=90&search_sort=0&spq=0
3800억 AC 밀란스쿼드 짜주세요,https://kin.naver.com/qna/detail.naver?d1id=2&dirId=20608&docId=463257399&qb=QUPrsIDrnoA=&enc=utf8§ion=kin.qna_ency&rank=91&search_sort=0&spq=0
ac밀란 공홈 배송기간,https://kin.naver.com/qna/detail.naver?d1id=10&dirId=1001010202&docId=466700708&qb=QUPrsIDrnoA=&enc=utf8§ion=kin.qna_ency&rank=92&search_sort=0&spq=0
ac밀란 레전드,https://kin.naver.com/qna/detail.naver?d1id=10&dirId=1001010202&docId=373755070&qb=QUPrsIDrnoA=&enc=utf8§ion=kin.qna_ency&rank=93&search_sort=0&spq=0
과거 ac밀란 박스마킹,https://kin.naver.com/qna/detail.naver?d1id=10&dirId=100101&docId=417550002&qb=QUPrsIDrnoA=&enc=utf8§ion=kin.qna_ency&rank=94&search_sort=0&spq=0
AC밀란 맨유 중계 유로파 16강 경기 무료... ,https://kin.naver.com/qna/detail.naver?d1id=10&dirId=10010102&docId=384917224&qb=QUPrsIDrnoA=&enc=utf8§ion=kin.qna_ency&rank=95&search_sort=0&spq=0
리버풀 0:0 AC밀란,https://kin.naver.com/qna/detail.naver?d1id=10&dirId=1001010202&docId=460972887&qb=QUPrsIDrnoA=&enc=utf8§ion=kin.qna_ency&rank=96&search_sort=0&spq=0
ac밀란 푸마랑 언제까지 계약인가요?,https://kin.naver.com/qna/detail.naver?d1id=10&dirId=1001010202&docId=396274610&qb=QUPrsIDrnoA=&enc=utf8§ion=kin.qna_ency&rank=97&search_sort=0&spq=0
피파 온라인4 ac밀란골키퍼,https://kin.naver.com/qna/detail.naver?d1id=2&dirId=20608&docId=392162146&qb=QUPrsIDrnoA=&enc=utf8§ion=kin.qna_ency&rank=98&search_sort=0&spq=0
AC밀란 스쿼드,https://kin.naver.com/qna/detail.naver?d1id=2&dirId=20608&docId=459932923&qb=QUPrsIDrnoA=&enc=utf8§ion=kin.qna_ency&rank=99&search_sort=0&spq=0
피파 AC밀란스쿼드 15억,https://kin.naver.com/qna/detail.naver?d1id=20&dirId=2001&docId=355432505&qb=QUPrsIDrnoA=&enc=utf8§ion=kin.qna_ency&rank=100&search_sort=0&spq=0
